{"cameraMode":{"drawMode":0,"name":"Shaded","section":"Shading Mode"},"sceneLighting":true,"audioPlay":false,"sceneViewState":{"m_AlwaysRefresh":false,"showFog":true,"showSkybox":true,"showFlares":true,"showImageEffects":true,"showParticleSystems":true,"showVisualEffectGraphs":true,"m_FxEnabled":true},"in2DMode":false,"pivot":{"x":171.9240264892578,"y":-124.47803497314453,"z":16.225353240966798},"rotation":{"x":0.23360413312911988,"y":0.6385645866394043,"z":-0.21248231828212739,"w":0.701687216758728},"size":111.39612579345703,"orthographic":false}